{
  "model": "gat",
  "run_id": "baseline_seed2",
  "test_acc": 0.9410624203364272,
  "f1_macro": 0.9086337681243779,
  "f1_weighted": 0.9399158876598487,
  "f1_micro": 0.9410624203364272,
  "f1_per_class": [
    0.9639993711680553,
    0.9743589743589743,
    0.9163879598662207,
    0.9891169154228856,
    0.8930323846908734,
    0.9587155963302753,
    0.9450686641697877,
    0.894681960375391,
    0.973559589581689,
    0.9710144927536232,
    0.9498829039812646,
    0.991672975018925,
    0.9236111111111112,
    0.6705767350928641,
    0.9756901524515863,
    0.9888471329858165,
    0.7134502923976608,
    0.9611650485436893,
    0.959954233409611,
    0.9178828142016989,
    0.9770580296896086,
    0.982275586049171,
    0.7950878882735372,
    0.9551224745217236,
    0.835820895522388,
    0.8338192419825073,
    0.9639830508474576,
    0.8033998521803399,
    0.9580272822665268,
    0.9384965831435079,
    0.6575781876503609,
    0.9562043795620438,
    0.7137681159420289,
    0.8999559277214632,
    0.9527950310559006,
    0.9704684317718941,
    0.9443526170798898,
    0.8696498054474708,
    0.986538959358012,
    0.7688821752265861,
    0.9580306698950767
  ]
}