{
  "model": "graphsage",
  "run_id": "baseline_seed1",
  "test_acc": 0.9586377753442364,
  "f1_macro": 0.934632054124067,
  "f1_weighted": 0.9580612974324572,
  "f1_micro": 0.9586377753442364,
  "f1_per_class": [
    0.9779928203527392,
    0.983129726585224,
    0.9428379287155346,
    0.9962546816479401,
    0.9094488188976378,
    0.9693757361601885,
    0.9612015018773467,
    0.9193205944798302,
    0.9768637532133676,
    0.9755213055303718,
    0.9697533736621684,
    0.9924012158054711,
    0.9497607655502392,
    0.7565610859728507,
    0.9805865344898802,
    0.9915295256534365,
    0.8297872340425532,
    0.9655657062543921,
    0.9688491491202769,
    0.947460213647264,
    0.978319783197832,
    0.9789892106757524,
    0.8787951231173798,
    0.9632299927901946,
    0.8062015503875969,
    0.8918518518518519,
    0.9728,
    0.8548387096774194,
    0.9828571428571429,
    0.9533029612756264,
    0.7112561174551386,
    0.9772607086197779,
    0.8133333333333334,
    0.9236111111111112,
    0.9629629629629629,
    0.9816138917262512,
    0.9602209944751381,
    0.9330669330669331,
    0.9869357133617902,
    0.8749096167751266,
    0.9693548387096774
  ]
}