epoch,train_loss,val_loss,val_acc,epoch_time_s,gpu_mem_mb,lr
0,0.00021,3.647012,0.392178,11.27,5932.7,0.01
1,0.000213,3.663007,0.248584,7.59,6002.3,0.01
2,0.000216,3.663178,0.21321,7.97,5908.2,0.01
3,0.00022,3.693143,0.204482,8.09,5967.1,0.01
4,0.000222,3.707591,0.204859,7.95,5892.5,0.01
5,0.000223,3.711032,0.176661,7.87,5971.2,0.01
6,0.000223,3.711246,0.146616,7.96,5949.9,0.005
7,0.000223,3.710952,0.146616,7.76,6079.3,0.005
8,0.000223,3.710901,0.146616,8.75,6015.3,0.005
9,0.000223,3.711147,0.146616,8.23,5921.1,0.005
10,0.000223,3.711044,0.146616,8.2,6104.0,0.005
