{
  "model": "graphsaint",
  "run_id": "baseline_seed2",
  "test_acc": 0.39006875751754844,
  "f1_macro": 0.13119402332799085,
  "f1_weighted": 0.2590192509996966,
  "f1_micro": 0.39006875751754844,
  "f1_per_class": [
    0.6221261544507762,
    0.0,
    0.0,
    0.7701011073663938,
    0.0,
    0.0,
    0.0,
    0.0,
    0.5272225289895086,
    0.0,
    0.5966850828729282,
    0.0,
    0.0,
    0.0,
    0.0,
    0.4599770095606583,
    0.0,
    0.0,
    0.0023289665211062593,
    0.20953870211102424,
    0.0,
    0.45077720207253885,
    0.17685411572942136,
    0.7977410583559925,
    0.0,
    0.0,
    0.0,
    0.0,
    0.7153846153846154,
    0.0,
    0.0,
    0.04970414201183432,
    0.0,
    0.0,
    0.0,
    0.0,
    0.0,
    0.0,
    0.0005142710208279763,
    0.0,
    0.0
  ]
}