epoch,train_loss,val_loss,val_acc,epoch_time_s,gpu_mem_mb,train_acc
0,3.730894,0.780786,0.891486,0.01,1001.9,0.016998
1,0.782393,0.662172,0.863917,0.01,1005.9,0.881054
2,0.669682,0.56259,0.910914,0.01,1005.9,0.855003
3,0.571671,0.666466,0.877135,0.01,1005.9,0.899942
4,0.684461,0.590883,0.907893,0.01,1005.9,0.86624
5,0.604063,0.619529,0.901892,0.01,1005.9,0.898404
6,0.637446,0.579948,0.905669,0.01,1005.9,0.891958
7,0.591693,0.53727,0.91402,0.01,1005.9,0.897583
8,0.539736,0.625113,0.88645,0.01,1005.9,0.90442
9,0.618854,0.574402,0.904872,0.01,1005.9,0.879164
10,0.559418,0.539901,0.921321,0.01,1005.9,0.897837
11,0.518554,0.565787,0.914439,0.01,1005.9,0.914743
12,0.541524,0.571373,0.914145,0.01,1005.9,0.907131
13,0.53958,0.566802,0.916831,0.01,1005.9,0.906609
14,0.529892,0.573076,0.911334,0.01,1005.9,0.909842
15,0.5318,0.564279,0.91381,0.01,1005.9,0.904081
16,0.520695,0.541699,0.922999,0.01,1005.9,0.905977
17,0.495769,0.544033,0.918887,0.01,1005.9,0.915702
