{
  "model": "sgc",
  "run_id": "baseline_K2_seed1",
  "test_acc": 0.9122309390876614,
  "f1_macro": 0.8546208666095717,
  "f1_weighted": 0.9085693040818361,
  "f1_micro": 0.9122309390876614,
  "f1_per_class": [
    0.9610429923948471,
    0.9678550555230859,
    0.8768328445747801,
    0.9761248852157943,
    0.7480916030534351,
    0.8933250155957579,
    0.8816326530612245,
    0.8631090487238979,
    0.8969980226496495,
    0.875882946518668,
    0.930834448906738,
    0.9710467706013363,
    0.6414473684210527,
    0.6435536294691224,
    0.9707939119703826,
    0.9735930218664117,
    0.584070796460177,
    0.9039463886820551,
    0.9420761931737714,
    0.9025270758122743,
    0.9277456647398844,
    0.9654390934844193,
    0.783894449499545,
    0.9284966864318103,
    0.5660377358490566,
    0.647239263803681,
    0.9623655913978495,
    0.7759365994236311,
    0.9483028720626632,
    0.9085746734809768,
    0.5025227043390514,
    0.9432225063938618,
    0.6626016260162602,
    0.6790299572039943,
    0.9553178099433606,
    0.9632695292291774,
    0.9559819413092551,
    0.8898085876875323,
    0.9654554759467758,
    0.7691095350669819,
    0.9343185550082101
  ]
}