epoch,train_loss,val_loss,val_acc,epoch_time_s,gpu_mem_mb,train_acc
0,3.757951,0.841006,0.895682,0.01,1001.9,0.022225
1,0.846459,0.742886,0.861777,0.01,1005.9,0.886718
2,0.762451,0.559619,0.916286,0.01,1005.9,0.852175
3,0.56536,0.624965,0.887248,0.01,1005.9,0.908382
4,0.638204,0.549763,0.910537,0.01,1005.9,0.876374
5,0.551531,0.553939,0.910159,0.01,1005.9,0.901597
6,0.555345,0.532387,0.915782,0.01,1005.9,0.902119
7,0.532524,0.566775,0.904536,0.01,1005.9,0.90687
8,0.55911,0.589358,0.90055,0.01,1005.9,0.895953
9,0.581323,0.543075,0.917712,0.01,1005.9,0.891072
10,0.533901,0.544932,0.918006,0.01,1005.9,0.907685
11,0.534276,0.552583,0.916789,0.01,1005.9,0.90792
12,0.536491,0.547625,0.919726,0.01,1005.9,0.907014
13,0.522384,0.549457,0.920817,0.01,1005.9,0.911348
14,0.515965,0.556494,0.919307,0.01,1005.9,0.913251
15,0.51717,0.559467,0.917586,0.01,1005.9,0.912625
16,0.515672,0.54838,0.921321,0.01,1005.9,0.91125
