{
  "model": "sgc",
  "run_id": "baseline_K2_seed2",
  "test_acc": 0.9139364127605335,
  "f1_macro": 0.8506307866180863,
  "f1_weighted": 0.909607344912716,
  "f1_micro": 0.9139364127605335,
  "f1_per_class": [
    0.9616280876184558,
    0.9668411867364747,
    0.8980978260869565,
    0.9755201958384333,
    0.8660624370594159,
    0.9262202043132803,
    0.8843813387423936,
    0.8530805687203792,
    0.8729881035689293,
    0.7859495060373216,
    0.9411231884057971,
    0.9667405764966741,
    0.9101941747572816,
    0.6218487394957983,
    0.9703703703703703,
    0.9783118053469511,
    0.5743243243243243,
    0.927007299270073,
    0.9426264343391415,
    0.9038542990258365,
    0.9526462395543176,
    0.9677053824362606,
    0.7909133055169216,
    0.9238808569935552,
    0.14634146341463414,
    0.6060606060606061,
    0.9606469002695418,
    0.798175598631699,
    0.9494001043296818,
    0.9078498293515358,
    0.5307692307692308,
    0.94655704008222,
    0.6517311608961304,
    0.5753899480069324,
    0.9628697293895532,
    0.9631551634665283,
    0.9579360628154795,
    0.8817858954845256,
    0.9649705957555612,
    0.7702265372168284,
    0.9396799343455068
  ]
}