{
  "model": "cluster_gcn",
  "run_id": "baseline_seed1",
  "test_acc": 0.9399852790693499,
  "f1_macro": 0.906245732648183,
  "f1_weighted": 0.9383601899227327,
  "f1_micro": 0.9399852790693499,
  "f1_per_class": [
    0.9677520843165015,
    0.9761211415259173,
    0.9266620973269363,
    0.9886416679632799,
    0.8765690376569037,
    0.9614485981308412,
    0.9412507896399241,
    0.8985507246376812,
    0.9556631171345595,
    0.9650092081031307,
    0.9494949494949495,
    0.9916476841305999,
    0.9380315917375456,
    0.7112403100775194,
    0.9749280723386765,
    0.9859121011438893,
    0.6956521739130435,
    0.9648382559774965,
    0.9473388569021205,
    0.9200424178154825,
    0.9767441860465116,
    0.9815455594002307,
    0.7966804979253111,
    0.9507441530829199,
    0.7704918032786885,
    0.834983498349835,
    0.9694369973190349,
    0.8123603871928519,
    0.9609984399375975,
    0.9417927823050058,
    0.5610561056105611,
    0.9637033140452393,
    0.6611909650924025,
    0.8986666666666666,
    0.956687898089172,
    0.9780500255232262,
    0.9562326869806094,
    0.9035222052067381,
    0.978799948605936,
    0.803076923076923,
    0.9625151148730351
  ]
}