{
  "model": "cluster_gcn",
  "run_id": "baseline_seed0",
  "test_acc": 0.9428037987182019,
  "f1_macro": 0.9110886229058073,
  "f1_weighted": 0.941192447249043,
  "f1_micro": 0.9428037987182019,
  "f1_per_class": [
    0.9646087922551976,
    0.9749563191613279,
    0.9295392953929539,
    0.9868522815158546,
    0.9080234833659491,
    0.9662398137369034,
    0.9399114484503479,
    0.9108910891089109,
    0.9711481844946026,
    0.967741935483871,
    0.955113373438223,
    0.9908952959028832,
    0.946987951807229,
    0.7083753784056509,
    0.9748660898228265,
    0.9874028087517329,
    0.7284345047923323,
    0.958303886925795,
    0.9479298245614035,
    0.9224822847326605,
    0.9781420765027322,
    0.9803695150115473,
    0.8139162279697871,
    0.9548617305976806,
    0.7741935483870968,
    0.8660436137071651,
    0.9727126805778491,
    0.8022800142500891,
    0.9558745348219032,
    0.941108545034642,
    0.5800711743772242,
    0.9614181438998958,
    0.684,
    0.907108591365024,
    0.9573520050922979,
    0.9770759042282221,
    0.959866220735786,
    0.9011976047904192,
    0.9803114142324025,
    0.8015384615384615,
    0.9644874899112187
  ]
}