{
  "model": "graphsage",
  "run_id": "baseline_seed2",
  "test_acc": 0.960181677827047,
  "f1_macro": 0.9382649366388823,
  "f1_weighted": 0.9597902100922244,
  "f1_micro": 0.960181677827047,
  "f1_per_class": [
    0.9789095453835338,
    0.9807130333138515,
    0.9432672590567327,
    0.9968798751950078,
    0.9184466019417475,
    0.967930029154519,
    0.9554300062774639,
    0.9245689655172413,
    0.9781572676727561,
    0.98,
    0.9711895910780669,
    0.9916349809885932,
    0.9453681710213777,
    0.7874564459930313,
    0.9788994621431527,
    0.9917595734367426,
    0.856396866840731,
    0.9699510831586303,
    0.9701083032490975,
    0.9508764336723653,
    0.979757085020243,
    0.9863013698630136,
    0.8772770853307766,
    0.9617525588076854,
    0.8217054263565892,
    0.8948863636363636,
    0.9766206163655685,
    0.8697275102650243,
    0.987012987012987,
    0.9468926553672317,
    0.7183544303797469,
    0.9782723900370959,
    0.8208469055374593,
    0.9274228596262495,
    0.9678638941398866,
    0.9825819672131147,
    0.9647058823529412,
    0.9386720729853015,
    0.9870566916903961,
    0.8778018799710774,
    0.9654062751407884
  ]
}