{
  "model": "gatv2",
  "run_id": "baseline_seed1",
  "test_acc": 0.9480099815090749,
  "f1_macro": 0.91655873662569,
  "f1_weighted": 0.9470442994766035,
  "f1_micro": 0.9480099815090749,
  "f1_per_class": [
    0.9710711493354183,
    0.9706390328151986,
    0.9202453987730062,
    0.9926825470963724,
    0.8884578079534433,
    0.9603267211201867,
    0.9513247073321011,
    0.8977035490605428,
    0.9781225139220366,
    0.9682683590208522,
    0.9570438799076213,
    0.990188679245283,
    0.9113636363636364,
    0.7331536388140162,
    0.9728171334431631,
    0.9896507898081462,
    0.6966966966966966,
    0.9634317862165963,
    0.9610799942553497,
    0.9293938735607212,
    0.9645776566757494,
    0.9779286926994907,
    0.8286049237983587,
    0.9641635152169998,
    0.8549618320610687,
    0.837410071942446,
    0.9670212765957447,
    0.8451025056947609,
    0.9689310163243813,
    0.9424501424501425,
    0.640728476821192,
    0.973030142781597,
    0.7293233082706767,
    0.9058413251961639,
    0.9578351164254248,
    0.9780500255232262,
    0.9526952695269527,
    0.8989547038327527,
    0.9853570040171051,
    0.8360413589364845,
    0.9662379421221865
  ]
}