{
  "model": "cluster_gcn",
  "run_id": "baseline_seed2",
  "test_acc": 0.940990610918622,
  "f1_macro": 0.9088824031120072,
  "f1_weighted": 0.9392411473430163,
  "f1_micro": 0.940990610918622,
  "f1_per_class": [
    0.9671094244149273,
    0.9749563191613279,
    0.9354395604395604,
    0.9823158542211287,
    0.9069539666993144,
    0.9649941656942824,
    0.9383343928798474,
    0.9090909090909091,
    0.9622312608948286,
    0.9629629629629629,
    0.9541029207232267,
    0.9893939393939394,
    0.945321992709599,
    0.7213114754098361,
    0.9720853858784894,
    0.9872242979390141,
    0.7115384615384616,
    0.9649859943977591,
    0.9452610947781044,
    0.9278574532811821,
    0.9753424657534246,
    0.982153137593552,
    0.8093385214007782,
    0.9547237076648841,
    0.7804878048780488,
    0.8644338118022329,
    0.9708532061473238,
    0.7878998609179416,
    0.9445938676707908,
    0.9347319347319347,
    0.5592592592592592,
    0.9652996845425867,
    0.6747967479674797,
    0.9001331557922769,
    0.9548969072164949,
    0.9775280898876404,
    0.9585666293393057,
    0.9067201604814443,
    0.9770894662741585,
    0.8009554140127388,
    0.9609028617492946
  ]
}