epoch,train_loss,val_loss,val_acc,epoch_time_s,gpu_mem_mb,lr
0,0.00021,3.647476,0.415761,12.3,5981.8,0.01
1,0.000213,3.661236,0.233477,9.2,5981.5,0.01
2,0.000217,3.661831,0.202593,8.23,5945.1,0.01
3,0.00022,3.693652,0.204356,12.63,5951.4,0.01
4,0.000222,3.707519,0.204901,9.11,6020.2,0.01
5,0.000223,3.710567,0.167597,9.41,5896.1,0.01
6,0.000224,3.711095,0.146616,9.26,6007.2,0.005
7,0.000223,3.71107,0.146616,9.23,5994.0,0.005
8,0.000223,3.71087,0.146616,8.97,6011.9,0.005
9,0.000223,3.711054,0.146616,11.94,6083.6,0.005
10,0.000223,3.711144,0.146616,11.96,6028.3,0.005
