{
  "model": "graphsaint",
  "run_id": "baseline_seed0",
  "test_acc": 0.41557905319282623,
  "f1_macro": 0.12998710005968864,
  "f1_weighted": 0.2920885898628926,
  "f1_micro": 0.41557905319282623,
  "f1_per_class": [
    0.8979768786127168,
    0.0,
    0.0,
    0.7571597633136095,
    0.0,
    0.0,
    0.0,
    0.0,
    0.438867553809056,
    0.0,
    0.34013834992407627,
    0.0,
    0.0,
    0.0,
    0.0,
    0.4904163912756114,
    0.0,
    0.0,
    0.7991559086395233,
    0.2814483016050765,
    0.0,
    0.011013215859030838,
    0.04152902312411515,
    0.4109024278515804,
    0.0,
    0.0,
    0.0,
    0.0,
    0.6721215663354764,
    0.008583690987124463,
    0.0,
    0.1786743515850144,
    0.0,
    0.0,
    0.0,
    0.0,
    0.0,
    0.001483679525222552,
    0.0,
    0.0,
    0.0
  ]
}