{
  "model": "gatv2",
  "run_id": "baseline_seed2",
  "test_acc": 0.946699459634131,
  "f1_macro": 0.914325920806618,
  "f1_weighted": 0.9456263072468948,
  "f1_micro": 0.946699459634131,
  "f1_per_class": [
    0.9687645687645687,
    0.968372627947096,
    0.9238160603980783,
    0.9912962387317377,
    0.8823529411764706,
    0.9586969168121,
    0.9473684210526315,
    0.8966244725738397,
    0.9745729042510926,
    0.9662100456621004,
    0.9561200923787528,
    0.9894419306184012,
    0.9230769230769231,
    0.7152658662092625,
    0.9747412008281573,
    0.9903747200193717,
    0.7267441860465116,
    0.9652777777777778,
    0.9629736349229218,
    0.9222269443263919,
    0.9745649263721553,
    0.983963344788087,
    0.8345829428303655,
    0.9629496402877697,
    0.8421052631578947,
    0.8191027496382055,
    0.9580010632642212,
    0.827123695976155,
    0.9690613529103304,
    0.9467592592592593,
    0.6149914821124361,
    0.9679116254602841,
    0.7045009784735812,
    0.9070274989087734,
    0.957972805933251,
    0.9745158002038736,
    0.9576365663322185,
    0.9068702290076336,
    0.9853341985723556,
    0.8206686930091185,
    0.967400162999185
  ]
}