{
  "model": "gatv2",
  "run_id": "baseline_seed0",
  "test_acc": 0.9461070319372386,
  "f1_macro": 0.9134321341657929,
  "f1_weighted": 0.9450375219881806,
  "f1_micro": 0.9461070319372386,
  "f1_per_class": [
    0.9669227151591159,
    0.9766627771295215,
    0.9178356713426854,
    0.9909657320872274,
    0.88800792864222,
    0.9606936416184971,
    0.9485570890840652,
    0.8875255623721882,
    0.9748564640665215,
    0.9710669077757685,
    0.9569691300280636,
    0.9924357034795764,
    0.922543352601156,
    0.7154620311070449,
    0.9772256728778468,
    0.9902512867090524,
    0.691131498470948,
    0.9564606741573034,
    0.9613450208363271,
    0.9251082251082251,
    0.9756756756756757,
    0.9812393405343945,
    0.8248326794368798,
    0.961248654467169,
    0.8270676691729323,
    0.8514851485148515,
    0.9647924330005255,
    0.8402182385035074,
    0.9651223321186881,
    0.9415807560137457,
    0.6272493573264781,
    0.9643979057591623,
    0.7140381282495667,
    0.903197547087166,
    0.9558080808080808,
    0.9755600814663951,
    0.9547461368653422,
    0.8971028971028971,
    0.9856124432922877,
    0.8040638606676342,
    0.9636510500807755
  ]
}