epoch,train_loss,val_loss,val_acc,epoch_time_s,gpu_mem_mb,lr
0,0.000209,3.639676,0.385087,8.44,5994.2,0.01
1,0.000212,3.663097,0.22668,7.94,5959.7,0.01
2,0.000216,3.661295,0.203978,7.82,6132.4,0.01
3,0.00022,3.693355,0.204482,7.59,5953.2,0.01
4,0.000222,3.707685,0.204859,8.31,5905.3,0.01
5,0.000223,3.710577,0.163317,8.21,5973.5,0.01
6,0.000223,3.71114,0.146616,8.43,5977.6,0.005
7,0.000223,3.711243,0.146616,7.98,6051.1,0.005
8,0.000223,3.711036,0.146616,8.55,6008.0,0.005
9,0.000223,3.711074,0.146616,8.48,5957.8,0.005
10,0.000223,3.71112,0.146616,8.38,5991.7,0.005
