{
  "model": "graphsaint",
  "run_id": "baseline_seed1",
  "test_acc": 0.38834533149022493,
  "f1_macro": 0.13753905820962128,
  "f1_weighted": 0.26941558225798184,
  "f1_micro": 0.38834533149022493,
  "f1_per_class": [
    0.44804965789659307,
    0.0,
    0.0,
    0.7229187845927934,
    0.0,
    0.0,
    0.0,
    0.0,
    0.4689013389041876,
    0.0,
    0.002449479485609308,
    0.0,
    0.0,
    0.0,
    0.0,
    0.571388182075205,
    0.0,
    0.0,
    0.005115089514066497,
    0.5790934320074006,
    0.0,
    0.9366028708133971,
    0.20188631149630384,
    0.6182292799651947,
    0.0,
    0.0,
    0.0,
    0.03795620437956204,
    0.650887573964497,
    0.0,
    0.0,
    0.3935538592027142,
    0.0,
    0.0,
    0.0,
    0.0,
    0.0,
    0.0,
    0.0020693222969477496,
    0.0,
    0.0
  ]
}