{
  "model": "gat",
  "run_id": "baseline_seed0",
  "test_acc": 0.9404520402850833,
  "f1_macro": 0.9063404599193507,
  "f1_weighted": 0.9393691355357768,
  "f1_micro": 0.9404520402850833,
  "f1_per_class": [
    0.9645434577973016,
    0.9761489237929029,
    0.9108236895847516,
    0.988125,
    0.8788732394366198,
    0.9563218390804598,
    0.9419035846724351,
    0.8928571428571429,
    0.9716423788893265,
    0.969258589511754,
    0.9472701819878675,
    0.9894419306184012,
    0.9097222222222222,
    0.6690582959641256,
    0.9703459637561779,
    0.988327789537345,
    0.6943620178041543,
    0.9603891591382905,
    0.9612514351320322,
    0.9163207341053091,
    0.967828418230563,
    0.9805714285714285,
    0.7989289191820838,
    0.9604621772883192,
    0.8428571428571429,
    0.8145048814504882,
    0.96,
    0.8028379387602689,
    0.9556135770234987,
    0.942987457240593,
    0.6553398058252428,
    0.9648293963254593,
    0.6998158379373849,
    0.893919218819352,
    0.950920245398773,
    0.9740721911540416,
    0.9442013129102844,
    0.874066699850672,
    0.9863901490602722,
    0.7688821752265861,
    0.9639423076923077
  ]
}