{
  "model": "sgc",
  "run_id": "baseline_K2_seed0",
  "test_acc": 0.9306141500457785,
  "f1_macro": 0.8921162694143281,
  "f1_weighted": 0.9293792254069149,
  "f1_micro": 0.9306141500457785,
  "f1_per_class": [
    0.9666771455517132,
    0.9694117647058823,
    0.8826979472140762,
    0.9866501086619063,
    0.8605817452357071,
    0.9426374926079243,
    0.9351969504447268,
    0.8498789346246973,
    0.9575081715054797,
    0.9280920421860019,
    0.9422464756707595,
    0.9878603945371776,
    0.9130434782608695,
    0.6888708367181153,
    0.974615064502705,
    0.972174428952833,
    0.6622950819672131,
    0.9445644348452124,
    0.9535347776510832,
    0.9178764897074756,
    0.9549295774647887,
    0.9722863741339491,
    0.7605042016806722,
    0.9493399928647878,
    0.7226890756302521,
    0.7898305084745763,
    0.9632392115077251,
    0.8111782477341389,
    0.9545454545454546,
    0.9247558874210224,
    0.5883408071748879,
    0.9602510460251046,
    0.6260504201680672,
    0.8956289027653881,
    0.9579081632653061,
    0.965771458662454,
    0.9550561797752809,
    0.8905033731188375,
    0.9722007722007722,
    0.7843137254901961,
    0.9410299003322259
  ]
}