{
  "model": "gat",
  "run_id": "baseline_seed1",
  "test_acc": 0.9405956591206937,
  "f1_macro": 0.9066643901459871,
  "f1_weighted": 0.93942401729099,
  "f1_micro": 0.9405956591206937,
  "f1_per_class": [
    0.9637566971320517,
    0.9726902963393376,
    0.9110367892976589,
    0.9878163074039362,
    0.8888888888888888,
    0.955310504933256,
    0.9404388714733543,
    0.8982683982683982,
    0.9714959701199135,
    0.970081595648232,
    0.9457579972183588,
    0.9909365558912386,
    0.9150174621653085,
    0.6950354609929078,
    0.9755895738518825,
    0.9895795468314552,
    0.6727272727272727,
    0.9637883008356546,
    0.9600342563516986,
    0.916126242974492,
    0.97165991902834,
    0.9784090909090909,
    0.8029925187032418,
    0.9591544249372984,
    0.8444444444444444,
    0.8342857142857143,
    0.9627659574468085,
    0.8002926115581566,
    0.9505154639175257,
    0.935685828116107,
    0.6601146601146601,
    0.9586603872318158,
    0.6933333333333334,
    0.8991071428571429,
    0.9506781750924784,
    0.9696969696969697,
    0.938177874186551,
    0.8776622090143635,
    0.985375954445451,
    0.7558823529411764,
    0.9599679743795037
  ]
}