{
  "model": "graphsage",
  "run_id": "baseline_seed0",
  "test_acc": 0.9588891083065544,
  "f1_macro": 0.9365755602119217,
  "f1_weighted": 0.9583964846528472,
  "f1_micro": 0.9588891083065544,
  "f1_per_class": [
    0.9789161330626269,
    0.9818607372732592,
    0.940771349862259,
    0.9968769519050593,
    0.9142300194931774,
    0.9688221709006929,
    0.9569557080474111,
    0.9245689655172413,
    0.9781746031746031,
    0.9753424657534246,
    0.9711090400745573,
    0.9931662870159453,
    0.9399293286219081,
    0.7624890446976337,
    0.9805704836709384,
    0.9910530770160803,
    0.8541114058355438,
    0.9706293706293706,
    0.9679468668784291,
    0.9450454348766768,
    0.9783783783783784,
    0.984036488027366,
    0.8773722627737226,
    0.9572801708793165,
    0.8421052631578947,
    0.875,
    0.9765208110992529,
    0.869927948426242,
    0.9885654885654885,
    0.9508196721311475,
    0.7298355520751761,
    0.9772366331392272,
    0.8156996587030717,
    0.9236773633998265,
    0.9627760252365931,
    0.9796126401630989,
    0.961730449251248,
    0.9304865938430983,
    0.9871745044694908,
    0.8715728715728716,
    0.9672197490894374
  ]
}